scale_N,scale_K,network_state,rng_seed,num_nodes,threads_per_task,tasks_per_node,model_time_sim,model_time_presim,use_inter_area_axonal_delay,time_collocate_spike_data,time_collocate_spike_data_cpu,time_communicate_prepare,time_communicate_prepare_cpu,time_communicate_spike_data,time_communicate_spike_data_cpu,time_communicate_target_data,time_communicate_target_data_cpu,time_construction_connect,time_construction_connect_cpu,time_construction_create,time_construction_create_cpu,time_deliver_secondary_data,time_deliver_secondary_data_cpu,time_deliver_spike_data,time_deliver_spike_data_cpu,time_gather_secondary_data,time_gather_secondary_data_cpu,time_gather_spike_data,time_gather_spike_data_cpu,time_gather_target_data,time_gather_target_data_cpu,time_omp_synchronization_construction,time_omp_synchronization_construction_cpu,time_omp_synchronization_simulation,time_omp_synchronization_simulation_cpu,time_mpi_synchronization,time_mpi_synchronization_cpu,time_simulate,time_simulate_cpu,time_communicate_prepare_mean,time_communicate_prepare_cpu_mean,time_update_mean,time_update_cpu_mean,time_construction_connect_mean,time_construction_connect_cpu_mean,time_deliver_secondary_data_mean,time_deliver_secondary_data_cpu_mean,time_deliver_spike_data_mean,time_deliver_spike_data_cpu_mean,time_gather_target_data_mean,time_gather_target_data_cpu_mean,time_omp_synchronization_construction_mean,time_omp_synchronization_construction_cpu_mean,time_omp_synchronization_simulation_mean,time_omp_synchronization_simulation_cpu_mean,py_time_kernel_prepare,py_time_network_local,py_time_network_global,py_time_simulate,py_time_presimulate,py_time_network_prepare,py_time_create,py_time_connect_area,py_time_connect_cc,py_time_connect,time_sort_connections,time_sort_connections_cpu,time_sort_connections_mean,time_sort_connections_cpu_mean,base_memory,network_memory,init_memory,total_memory,num_connections,local_spike_counter,base_memory_rss,base_memory_peak,network_memory_rss,network_memory_peak,init_memory_rss,init_memory_peak,total_memory_rss,total_memory_peak,num_corrections
1.0,1.0,metastable,654,4,64,2,10000.0,500.0,False,17.350981654,17.886430800375003,,,192.662720143625,201.13477448487504,0.1401083135,0.12874885749999998,299.44235520425,295.54926132574997,0.3056377055,0.295629661125,,,831.42045595225,,0.0,0.0,210.659579046625,219.65899264312503,,,,,,,0.0,0.0,1506.916221189375,1551.5830267936249,,,439.33787810849606,,,,,,763.7742483905937,,,,,,,,0.04465073347091675,292.33021542429924,153.29424038529396,1506.9212123155594,64.68380945920944,159.31291845440865,114.020523250103,178.29396212100983,153.29418224096298,490.90106281638145,,,,,6684108.0,1256084460.0,1531333792.0,1531333792.0,24130646652.0,474647765.0,,,,,,,,,0.0
1.0,1.0,metastable,654,4,64,2,10000.0,500.0,True,,,,,,,,,,,,,,,,,,,,,,,,,,,,,,,,,,,,,,,,,,,,,,,,,,,,,,,,,,,,,,,,,,,,,,,,,,,
1.0,1.0,metastable,12,4,64,2,10000.0,500.0,False,18.08607088,18.688252124999998,,,245.53613405175,254.878456173375,0.24914259625,0.23656688199999998,299.682948979375,296.004844912125,0.30275521800000005,0.29260116175,,,842.919182840125,,0.0,0.0,264.259735409375,274.19834854075,,,,,,,0.0,0.0,1546.8417976527498,1592.5621088551252,,,422.00277374689847,,,,,,781.2314507831543,,,,,,,,0.044037848711013794,292.2515364289284,153.12553563714027,1546.8473221063614,65.88634073734283,160.73636534810066,114.61387830972672,177.62194573879242,153.12547847628593,491.483789563179,,,,,6673868.0,1256081400.0,1531302652.0,1531302652.0,24130646652.0,488333927.0,,,,,,,,,0.0
1.0,1.0,metastable,12,4,64,2,10000.0,500.0,True,,,,,,,,,,,,,,,,,,,,,,,,,,,,,,,,,,,,,,,,,,,,,,,,,,,,,,,,,,,,,,,,,,,,,,,,,,,
1.0,1.0,metastable,91856,4,64,2,10000.0,500.0,False,16.660030772,17.057916568750002,,,247.2138308985,258.19011815662503,0.14442609225,0.1298847045,299.10418905775,295.270381980625,0.305259738625,0.2951537355,,,759.3069291823749,,0.0,0.0,264.521069604875,275.894301817625,,,,,,,0.0,0.0,1469.4149825525,1511.251838124375,,,426.01644844970315,,,,,,704.990960273998,,,,,,,,0.04461866617202759,293.2958877980709,153.27934911847115,1469.4202781021595,61.04541891813278,156.99143505096436,114.60328835248947,178.67672169208527,153.27929228544235,488.947449028492,,,,,6675916.0,1256082856.0,1531303516.0,1531303516.0,24130646652.0,434836926.0,,,,,,,,,0.0
1.0,1.0,metastable,91856,4,64,2,10000.0,500.0,True,,,,,,,,,,,,,,,,,,,,,,,,,,,,,,,,,,,,,,,,,,,,,,,,,,,,,,,,,,,,,,,,,,,,,,,,,,,
1.0,1.0,ground,654,4,64,2,10000.0,500.0,False,6.996292592,7.265669312875,,,192.1649656895,199.222915267,0.497378917,0.47534823962499995,299.30101178175,295.42667469875005,0.305582622,0.29260992662499996,,,255.53694127625,,0.0,0.0,199.74767869250002,207.081589119125,,,,,,,0.0,0.0,893.752938850625,924.8007420901249,,,408.2198040963164,,,,,,234.01602976724217,,,,,,,,0.04664084315299988,300.93759712576866,153.6281621158123,893.7728036940098,43.6829559803009,160.1470486819744,115.73279032111168,185.18931955099106,153.62810435891151,498.964472591877,,,,,6676928.0,1256084312.0,1531334384.0,1531334384.0,24130646652.0,109298373.0,,,,,,,,,0.0
1.0,1.0,ground,654,4,64,2,10000.0,500.0,True,,,,,,,,,,,,,,,,,,,,,,,,,,,,,,,,,,,,,,,,,,,,,,,,,,,,,,,,,,,,,,,,,,,,,,,,,,,
1.0,1.0,ground,12,4,64,2,10000.0,500.0,False,6.985176509375,7.25183632125,,,107.83146499,112.34258101275,0.164553132625,0.15143938087499997,298.84790925437505,294.957041609125,0.302698104625,0.290529080125,,,249.70647274137497,,0.0,0.0,115.396210331875,120.18559544775,,,,,,,0.0,0.0,787.061889622375,815.5031241537499,,,394.17881509123436,,,,,,232.00359727833398,,,,,,,,0.04418608546257019,291.96461683511734,153.32040917873383,787.0679870247841,39.66741082072258,158.02618178725243,114.45555225014687,177.49329948425293,153.32035320997238,488.83983448147774,,,,,6670804.0,1256084332.0,1531304992.0,1531304992.0,24130646652.0,109199774.0,,,,,,,,,0.0
1.0,1.0,ground,12,4,64,2,10000.0,500.0,True,,,,,,,,,,,,,,,,,,,,,,,,,,,,,,,,,,,,,,,,,,,,,,,,,,,,,,,,,,,,,,,,,,,,,,,,,,,
1.0,1.0,ground,91856,4,64,2,10000.0,500.0,False,6.996705685125,7.2706189783749995,,,179.772463409375,186.24384276475,0.156263918625,0.14189630962500002,299.54027783224996,295.731471731,0.304112247875,0.293911914625,,,253.141261494125,,0.0,0.0,187.368892312625,194.130103707,,,,,,,0.0,0.0,870.583773391,900.90806141625,,,403.29407924569534,,,,,,232.7157671512715,,,,,,,,0.04452669620513916,291.69986486434937,153.24539494514465,870.6004873514175,42.383857637643814,159.10522121191025,114.11346262693405,177.57084688544273,153.24533826112747,489.92140635848045,,,,,6669780.0,1256082420.0,1531303524.0,1531303524.0,24130646652.0,109333911.0,,,,,,,,,0.0
1.0,1.0,ground,91856,4,64,2,10000.0,500.0,True,,,,,,,,,,,,,,,,,,,,,,,,,,,,,,,,,,,,,,,,,,,,,,,,,,,,,,,,,,,,,,,,,,,,,,,,,,,
1.0,1.0,metastable,654,8,64,2,10000.0,500.0,False,16.8132966259375,16.9629889805,,,129.86836590806251,135.7196483483125,0.5887339939375,0.5639917027500001,147.926459921,146.1416741941875,0.2182213635625,0.2146902980625,,,423.39803337625005,,0.0,0.0,147.25222919731252,153.25391903375,,,,,,,0.0,0.0,796.42965227225,811.637396720625,,,206.9054197396133,,,,,,388.386745083958,,,,,,,,0.04415687918663025,186.03754986822605,85.36593627929688,796.4534435868263,27.161498874425888,153.30296927690506,91.05552737414837,94.96821720898151,85.36588735878468,333.63707384467125,,,,,13351844.0,1262971248.0,1844889536.0,1844889536.0,24130646652.0,451018255.0,,,,,,,,,0.0
1.0,1.0,metastable,654,8,64,2,10000.0,500.0,True,,,,,,,,,,,,,,,,,,,,,,,,,,,,,,,,,,,,,,,,,,,,,,,,,,,,,,,,,,,,,,,,,,,,,,,,,,,
1.0,1.0,metastable,12,8,64,2,10000.0,500.0,False,17.8925168299375,18.373394913625,,,110.95004501049999,119.58783821118749,0.586163290625,0.556882853125,147.52876443525003,145.7090208169375,0.2206868346875,0.2165948035625,,,457.0826401033125,,0.0,0.0,129.431184312,138.546014894125,,,,,,,0.0,0.0,811.3783809768124,839.9478526021875,,,206.5512451930801,,,,,,420.39354520932716,,,,,,,,0.04436357319355011,184.14343759417534,85.34291997551918,811.4923814684153,40.66642990708351,153.6737422645092,90.7441870123148,93.38401992619038,85.34286917746067,332.40063136816025,,,,,13335424.0,1262916064.0,1843948780.0,1843948780.0,24130646652.0,492324839.0,,,,,,,,,0.0
1.0,1.0,metastable,12,8,64,2,10000.0,500.0,True,,,,,,,,,,,,,,,,,,,,,,,,,,,,,,,,,,,,,,,,,,,,,,,,,,,,,,,,,,,,,,,,,,,,,,,,,,,
1.0,1.0,metastable,91856,8,64,2,10000.0,500.0,False,15.866928644249999,16.361219815062498,,,119.01472069093751,129.697302428,0.4632873135625001,0.4341080516875,147.5670338421875,145.74943184525,0.22160009975,0.216071765375,,,407.27524158712504,,0.0,0.0,135.4895761889375,146.6867365660625,,,,,,,0.0,0.0,755.6824187015625,786.8603374484375,,,194.2254724876504,,,,,,373.8393922525439,,,,,,,,0.04420009255409241,185.66994923353195,85.37917280197144,755.6859768182039,42.75905384123325,150.0602549314499,91.81430871784687,93.8399367928505,85.37912023067474,329.2793119549751,,,,,13341576.0,1262725464.0,1843994460.0,1843994460.0,24130646652.0,428372012.0,,,,,,,,,0.0
1.0,1.0,metastable,91856,8,64,2,10000.0,500.0,True,,,,,,,,,,,,,,,,,,,,,,,,,,,,,,,,,,,,,,,,,,,,,,,,,,,,,,,,,,,,,,,,,,,,,,,,,,,
1.0,1.0,ground,654,8,64,2,10000.0,500.0,False,5.143798729625001,5.3434797790625,,,108.2151478998125,112.85079391949999,0.4523052541875,0.42534397181250005,147.9773738161875,146.175209678125,0.2193700694375,0.2156133395625,,,142.101285627125,,0.0,0.0,113.83955896775001,118.6881174060625,,,,,,,0.0,0.0,448.08755261393753,464.54954192,,,174.8988910945166,,,,,,126.56497097944629,,,,,,,,0.04480054974555969,184.49937802553177,85.34677848219872,448.22367502748966,24.3339354544878,151.61252796649933,91.02074494957924,93.46327608823776,85.34672699868679,330.4225310534239,,,,,13315984.0,1262761776.0,1843939084.0,1843939084.0,24130646652.0,108920081.0,,,,,,,,,0.0
1.0,1.0,ground,654,8,64,2,10000.0,500.0,True,,,,,,,,,,,,,,,,,,,,,,,,,,,,,,,,,,,,,,,,,,,,,,,,,,,,,,,,,,,,,,,,,,,,,,,,,,,
1.0,1.0,ground,12,8,64,2,10000.0,500.0,False,5.127436194687499,5.326579939,,,108.76982775399999,114.08820185075,0.8022277541875,0.7638564170625,147.622111394,145.7773197954375,0.22160552587500001,0.2176200465625,,,139.7963923418125,,0.0,0.0,114.3927493506875,119.92264910175,,,,,,,0.0,0.0,438.41670831725,455.0860198363125,,,168.40965068241601,,,,,,125.44178506565332,,,,,,,,0.044296711683273315,184.47767290472984,85.21984566748142,438.51915334165096,24.160069569945335,153.60695631802082,91.10082376003265,93.36174078285694,85.2197944521904,332.18849155306816,,,,,13339532.0,1262835956.0,1844883592.0,1844883592.0,24130646652.0,108968629.0,,,,,,,,,0.0
1.0,1.0,ground,12,8,64,2,10000.0,500.0,True,,,,,,,,,,,,,,,,,,,,,,,,,,,,,,,,,,,,,,,,,,,,,,,,,,,,,,,,,,,,,,,,,,,,,,,,,,,
1.0,1.0,ground,91856,8,64,2,10000.0,500.0,False,5.177998742500001,5.390262041,,,98.39126962362499,103.45254562299999,0.6313800703125,0.6057660119375,147.739350816875,145.93089455199998,0.21944906656250002,0.21542331343749999,,,136.0662459155625,,0.0,0.0,104.0679074116875,109.39471346387501,,,,,,,0.0,0.0,419.953136069875,436.07699733225,,,163.58504414572656,,,,,,124.08350307289844,,,,,,,,0.044527530670166016,183.96283228695393,85.297980889678,420.00788064301014,23.582485556602478,154.00333878397942,91.06907586753368,92.87811174988747,85.29792788624763,332.1793784201145,,,,,13332384.0,1262888796.0,1844915948.0,1844915948.0,24130646652.0,109116172.0,,,,,,,,,0.0
1.0,1.0,ground,91856,8,64,2,10000.0,500.0,True,,,,,,,,,,,,,,,,,,,,,,,,,,,,,,,,,,,,,,,,,,,,,,,,,,,,,,,,,,,,,,,,,,,,,,,,,,,
1.0,1.0,metastable,654,12,64,2,10000.0,500.0,False,13.989644681875,14.64600053575,,,115.674381666375,125.56185607054165,0.37787117249999996,0.3539444223333333,108.892339460125,107.68165051754166,0.193235916375,0.19036141679166665,,,269.7132935264583,,0.0,0.0,130.1910269099583,140.74223372320833,,,,,,,0.0,0.0,524.3769739649583,553.5592838581666,,,109.23054536816538,,,,,,255.47222674258595,,,,,,,,0.04718032479286194,141.91124908129373,73.78829285502434,524.4858787953854,37.256089260180794,136.99060958623886,75.49768309791882,66.39791302879651,73.78824170430501,277.1767643193404,,,,,19994948.0,1328717648.0,2000731212.0,2000731212.0,24130646652.0,406605248.0,,,,,,,,,0.0
1.0,1.0,metastable,654,12,64,2,10000.0,500.0,True,,,,,,,,,,,,,,,,,,,,,,,,,,,,,,,,,,,,,,,,,,,,,,,,,,,,,,,,,,,,,,,,,,,,,,,,,,,
1.0,1.0,metastable,12,12,64,2,10000.0,500.0,False,15.42715559895833,16.169718174375003,,,116.59340959508332,128.375248159875,0.47369026291666666,0.448133132,109.05387808920834,107.82159507008333,0.19257930174999996,0.1893837615416667,,,285.8464239223333,,0.0,0.0,132.569895729,145.10208122104166,,,,,,,0.0,0.0,540.3230989877917,572.76138132575,,,108.03416013909374,,,,,,273.1182466773425,,,,,,,,0.045681615670522056,140.4378384053707,73.75962924957275,540.4750489095846,40.747997691233955,137.63279287020364,75.03334959348042,65.38886001706123,73.75957857569058,276.7812314629555,,,,,19985752.0,1328716520.0,2000729832.0,2000729832.0,24130646652.0,445524885.0,,,,,,,,,0.0
1.0,1.0,metastable,12,12,64,2,10000.0,500.0,True,,,,,,,,,,,,,,,,,,,,,,,,,,,,,,,,,,,,,,,,,,,,,,,,,,,,,,,,,,,,,,,,,,,,,,,,,,,
1.0,1.0,metastable,91856,12,64,2,10000.0,500.0,False,15.205095100541667,15.61456062725,,,127.47796208379167,134.58499019775002,0.3650786093333333,0.34070037324999997,109.19352791170833,107.97026662770833,0.1922397365,0.18883511779166665,,,283.64596183083336,,0.0,0.0,143.23688661308333,150.75417559666667,,,,,,,0.0,0.0,550.324723745125,569.4107780903333,,,110.11251441463021,,,,,,268.8682746072038,,,,,,,,0.04572249452273051,142.98584984739622,73.7783104677995,550.3329034348329,27.047612329324085,141.9828309814135,75.5186898112297,67.45194293061893,73.77826026082039,283.2130341728528,,,,,19999060.0,1328714876.0,2000725480.0,2000725480.0,24130646652.0,441153050.0,,,,,,,,,0.0
1.0,1.0,metastable,91856,12,64,2,10000.0,500.0,True,,,,,,,,,,,,,,,,,,,,,,,,,,,,,,,,,,,,,,,,,,,,,,,,,,,,,,,,,,,,,,,,,,,,,,,,,,,
1.0,1.0,ground,654,12,64,2,10000.0,500.0,False,3.96144364325,4.115351761625,,,85.72097557441667,88.29889659033334,0.3379465745416666,0.3139158699583333,108.93161265979165,107.71991303091666,0.19405517325,0.19123646654166668,,,94.52287909824999,,0.0,0.0,90.12948437470834,92.88228257795834,,,,,,,0.0,0.0,281.34370092062505,290.18228641070834,,,82.77131926468685,,,,,,90.53666659528125,,,,,,,,0.04511108994483948,141.39416084686914,73.90214409430821,281.34644215305644,14.698830078045527,141.54516608516374,75.42386577526729,65.95507103204727,73.90209421515465,281.4023313323657,,,,,20008280.0,1328720320.0,2000734180.0,2000734180.0,24130646652.0,109086799.0,,,,,,,,,0.0
1.0,1.0,ground,654,12,64,2,10000.0,500.0,True,,,,,,,,,,,,,,,,,,,,,,,,,,,,,,,,,,,,,,,,,,,,,,,,,,,,,,,,,,,,,,,,,,,,,,,,,,,
1.0,1.0,ground,12,12,64,2,10000.0,500.0,False,3.9775304002916663,4.133029025625,,,81.78373699320832,84.16099482616666,0.4067033875833334,0.37973016062500003,108.92622903766669,107.70343602391665,0.19202133695833334,0.189561715625,,,94.88198491958332,,0.0,0.0,86.20994628616667,88.75411706454167,,,,,,,0.0,0.0,275.43136423145836,283.9887198732083,,,82.43518197979297,,,,,,90.06378880068098,,,,,,,,0.044353991746902466,140.98054320613542,73.72887165347736,275.6177548269431,14.126642415920893,136.80394605795541,75.21468983093898,65.75078240036964,73.72882109880447,276.28354955712956,,,,,20024664.0,1328720692.0,2000729808.0,2000729808.0,24130646652.0,109170149.0,,,,,,,,,0.0
1.0,1.0,ground,12,12,64,2,10000.0,500.0,True,,,,,,,,,,,,,,,,,,,,,,,,,,,,,,,,,,,,,,,,,,,,,,,,,,,,,,,,,,,,,,,,,,,,,,,,,,,
1.0,1.0,ground,91856,12,64,2,10000.0,500.0,False,3.944252154625,4.10223532825,,,90.06958653170834,92.48654906045833,0.38291297754166664,0.358102892375,109.05868129400001,107.83060131833334,0.193540518375,0.19087658054166667,,,95.27554846508333,,0.0,0.0,94.45345681233333,97.04088719229166,,,,,,,0.0,0.0,287.7986502949166,296.55658887124997,,,83.88930630259895,,,,,,91.24033065683334,,,,,,,,0.04483649134635925,143.92895823717117,73.7679853439331,287.8011897106965,14.423197944959005,137.19199789563814,75.2962577144305,68.617122143507,73.76793292164803,279.5770529607932,,,,,19998040.0,1328720916.0,2000725688.0,2000725688.0,24130646652.0,109232297.0,,,,,,,,,0.0
1.0,1.0,ground,91856,12,64,2,10000.0,500.0,True,,,,,,,,,,,,,,,,,,,,,,,,,,,,,,,,,,,,,,,,,,,,,,,,,,,,,,,,,,,,,,,,,,,,,,,,,,,
1.0,1.0,metastable,654,16,64,2,10000.0,500.0,False,13.282221338718749,13.5477541936875,,,117.89448358524999,122.23039439171875,0.6970776971875,0.65223292584375,90.38098444531249,89.29506375209375,0.17656878834375,0.1739423945625,,,206.677571314375,,0.0,0.0,131.69351971165622,136.30293154840626,,,,,,,0.0,0.0,417.6915399752812,428.29235214425,,,67.87746566991356,,,,,,199.4223470609912,,,,,,,,0.044487304985523224,117.15077741444111,68.66328806430101,417.6997817158699,17.12371911853552,127.92596728354692,64.9023310393095,52.23406882584095,68.66323125362396,248.82326736301184,,,,,26663724.0,1265832836.0,1931341796.0,1931341796.0,24130646652.0,402230975.0,,,,,,,,,0.0
1.0,1.0,metastable,654,16,64,2,10000.0,500.0,True,,,,,,,,,,,,,,,,,,,,,,,,,,,,,,,,,,,,,,,,,,,,,,,,,,,,,,,,,,,,,,,,,,,,,,,,,,,
1.0,1.0,metastable,12,16,64,2,10000.0,500.0,False,15.24557980471875,15.7851657355,,,113.6466423131875,121.33004773496876,0.5726702659999999,0.53259777140625,90.23944741943751,89.15699601468751,0.17658249240625,0.1737554134375,,,230.92262414240628,,0.0,0.0,129.42621431121876,137.65103480725,,,,,,,0.0,0.0,442.892157734875,461.867968663375,,,70.72437813344044,,,,,,222.53550035060792,,,,,,,,0.04409557580947876,117.44397243857384,68.56217655539513,442.9185255840421,25.842986226081848,127.18120555579662,64.9617168456316,52.46636002510786,68.56212044507265,248.20968602597713,,,,,26672944.0,1265831596.0,1931628200.0,1931628200.0,24130646652.0,457241769.0,,,,,,,,,0.0
1.0,1.0,metastable,12,16,64,2,10000.0,500.0,True,,,,,,,,,,,,,,,,,,,,,,,,,,,,,,,,,,,,,,,,,,,,,,,,,,,,,,,,,,,,,,,,,,,,,,,,,,,
1.0,1.0,metastable,91856,16,64,2,10000.0,500.0,False,15.1653030565,15.687273952125,,,116.09134532609374,122.96425996034375,0.487148337,0.44470925759375,90.2893849244375,89.1990577478125,0.17814986559374998,0.17502494950000003,,,230.32892393309376,,0.0,0.0,131.78801557428125,139.1817113965,,,,,,,0.0,0.0,445.006273393625,462.79026264303127,,,70.93624657664209,,,,,,222.62517597350586,,,,,,,,0.04500548541545868,117.91671425104141,68.56364818662405,445.0095482170582,24.786496058106422,126.67474360764027,65.17287086695433,52.72812081873417,68.56359075009823,247.96645517647266,,,,,26671904.0,1265833044.0,1931650988.0,1931650988.0,24130646652.0,460302590.0,,,,,,,,,0.0
1.0,1.0,metastable,91856,16,64,2,10000.0,500.0,True,,,,,,,,,,,,,,,,,,,,,,,,,,,,,,,,,,,,,,,,,,,,,,,,,,,,,,,,,,,,,,,,,,,,,,,,,,,
1.0,1.0,ground,654,16,64,2,10000.0,500.0,False,3.36624499053125,3.492409692,,,64.94543017503125,68.364363387625,0.51248321909375,0.4701300564375,90.2653828808125,89.17678931121876,0.17687711453125,0.17436581071875001,,,72.61116231534376,,0.0,0.0,68.74050664709375,72.30087285781251,,,,,,,0.0,0.0,201.84340152828128,209.17081669028124,,,51.274042579989256,,,,,,69.82707986873828,,,,,,,,0.04445000737905502,117.42953439056873,68.62530263513327,201.85982477664948,11.84604424983263,126.35601584613323,65.08412785828114,52.32970817387104,68.62524198740721,247.31096600741148,,,,,26678048.0,1265815644.0,1931482188.0,1931482188.0,24130646652.0,109116205.0,,,,,,,,,0.0
1.0,1.0,ground,654,16,64,2,10000.0,500.0,True,,,,,,,,,,,,,,,,,,,,,,,,,,,,,,,,,,,,,,,,,,,,,,,,,,,,,,,,,,,,,,,,,,,,,,,,,,,
1.0,1.0,ground,12,16,64,2,10000.0,500.0,False,3.40009197740625,3.52885292065625,,,59.3243755741875,62.351038085281246,0.515611812625,0.47551275465625,90.28921267021875,89.20631709965625,0.17710165034375,0.17404895040625,,,72.06035787818749,,0.0,0.0,63.154772219624995,66.327221257375,,,,,,,0.0,0.0,196.315691373375,203.39981007134375,,,51.277474693513184,,,,,,69.6900809915498,,,,,,,,0.045325569808483124,117.46920597553253,68.59030263870955,196.3278629630804,11.40078192949295,126.49125297367573,64.9015195146203,52.55176308006048,68.59024372696877,247.63325978070498,,,,,26659660.0,1265825760.0,1931336208.0,1931336208.0,24130646652.0,109055914.0,,,,,,,,,0.0
1.0,1.0,ground,12,16,64,2,10000.0,500.0,True,,,,,,,,,,,,,,,,,,,,,,,,,,,,,,,,,,,,,,,,,,,,,,,,,,,,,,,,,,,,,,,,,,,,,,,,,,,
1.0,1.0,ground,91856,16,64,2,10000.0,500.0,False,3.37817535371875,3.5055310445,,,61.9974978589375,64.51239184003126,0.49141011475,0.44867903275000004,90.2798182165625,89.16595300728125,0.1802652775625,0.17626790509375,,,73.12620862796875,,0.0,0.0,65.8152371850625,68.47324358525,,,,,,,0.0,0.0,199.5923266070625,206.0478385318125,,,51.31425140924024,,,,,,70.318839280021,,,,,,,,0.04585215449333191,118.56685054302216,68.63319213688374,199.5948289334774,10.872662521898746,126.82909704744816,65.01561916619539,53.53560807555914,68.63313561677933,248.99784073978662,,,,,26647344.0,1265828028.0,1931338476.0,1931338476.0,24130646652.0,109056843.0,,,,,,,,,0.0
1.0,1.0,ground,91856,16,64,2,10000.0,500.0,True,,,,,,,,,,,,,,,,,,,,,,,,,,,,,,,,,,,,,,,,,,,,,,,,,,,,,,,,,,,,,,,,,,,,,,,,,,,
1.0,1.0,metastable,654,24,64,2,10000.0,500.0,False,13.3721037386875,13.713908023916668,,,119.70949602654167,124.19378345658333,0.6121471747291668,0.5557090603541667,74.52617494179167,73.61900815689584,0.16372790672916668,0.16037844747916666,,,162.13420805897917,,0.0,0.0,133.59756618545833,138.4276801745625,,,,,,,0.0,0.0,344.0417175320208,353.2662948494792,,,39.24500175974447,,,,,,158.2914305591771,,,,,,,,0.04417448739210764,88.25626791020234,66.21912152071793,344.16625381509465,15.375562344988188,107.56333144009113,49.19084962209066,39.05004282295704,66.21907084683578,212.83244510988393,,,,,40003264.0,1341338932.0,2484375320.0,2484375320.0,24130646652.0,434268409.0,,,,,,,,,0.0
1.0,1.0,metastable,654,24,64,2,10000.0,500.0,True,,,,,,,,,,,,,,,,,,,,,,,,,,,,,,,,,,,,,,,,,,,,,,,,,,,,,,,,,,,,,,,,,,,,,,,,,,,
1.0,1.0,metastable,12,24,64,2,10000.0,500.0,False,12.801127797625,13.251039247229167,,,110.42441426310415,115.70899324341667,0.5899833501249999,0.5346577188958334,74.513170960875,73.61019846560417,0.16510689560416666,0.16001851660416666,,,151.80302506883334,,0.0,0.0,123.73497485727084,129.47536049616667,,,,,,,0.0,0.0,324.35594161752084,335.5785285076042,,,38.25715675853809,,,,,,149.93542661943133,,,,,,,,0.04482318460941315,87.84545543789864,66.25768247246742,324.39337632556754,17.194570288062096,108.06355039775372,49.092999984820686,38.738554909825325,66.25762898226579,213.05973428984484,,,,,40028888.0,1341327836.0,2482179364.0,2482179364.0,24130646652.0,410749406.0,,,,,,,,,0.0
1.0,1.0,metastable,12,24,64,2,10000.0,500.0,True,,,,,,,,,,,,,,,,,,,,,,,,,,,,,,,,,,,,,,,,,,,,,,,,,,,,,,,,,,,,,,,,,,,,,,,,,,,
1.0,1.0,metastable,91856,24,64,2,10000.0,500.0,False,14.538271747041668,15.102458749645834,,,124.12943806541666,131.15403269904166,0.6306248359583333,0.57514746275,74.5321993461875,73.64220272508334,0.16518504933333333,0.16182188641666664,,,171.05641416802084,,0.0,0.0,139.1874728536667,146.77835665808334,,,,,,,0.0,0.0,360.2369023539375,374.52180775410415,,,39.987931449200524,,,,,,168.13658258972166,,,,,,,,0.044449567794799805,88.04844564696153,66.21278038620949,360.276999677221,20.787432114283245,107.47152910133202,49.15310629208883,38.87941865126292,66.21273225545883,212.56368000805378,,,,,39995052.0,1341293720.0,2483701336.0,2483701336.0,24130646652.0,466806522.0,,,,,,,,,0.0
1.0,1.0,metastable,91856,24,64,2,10000.0,500.0,True,,,,,,,,,,,,,,,,,,,,,,,,,,,,,,,,,,,,,,,,,,,,,,,,,,,,,,,,,,,,,,,,,,,,,,,,,,,
1.0,1.0,ground,654,24,64,2,10000.0,500.0,False,2.9051552817708335,3.0127726315416665,,,63.19012307816667,66.470582877875,0.6543832976041667,0.5991131287916667,74.49068735352084,73.58282360235417,0.16376253639583335,0.15967860904166667,,,51.713817827062506,,0.0,0.0,66.51187118258333,69.91294170722917,,,,,,,0.0,0.0,154.28401987333334,159.61066023175002,,,29.34453203390332,,,,,,50.18768603340397,,,,,,,,0.044313703974088035,88.03252168993156,66.18779786924522,154.28992207845053,8.999244684974352,110.89109761019547,49.083654637138046,38.9330972780784,66.18774844706059,216.01194333533445,,,,,40015556.0,1341334000.0,2481342144.0,2481342144.0,24130646652.0,108938785.0,,,,,,,,,0.0
1.0,1.0,ground,654,24,64,2,10000.0,500.0,True,,,,,,,,,,,,,,,,,,,,,,,,,,,,,,,,,,,,,,,,,,,,,,,,,,,,,,,,,,,,,,,,,,,,,,,,,,,
1.0,1.0,ground,12,24,64,2,10000.0,500.0,False,2.9225077577499996,3.030908425458333,,,59.780724186041674,63.03322237058333,0.905534389875,0.8514559649791668,74.50794486402084,73.59866401479167,0.16681082968749997,0.1630631829166667,,,50.61711194754167,,0.0,0.0,63.126945816500005,66.50300103556249,,,,,,,0.0,0.0,149.74418507720833,155.33697962691664,,,29.298287037751958,,,,,,49.273715533970055,,,,,,,,0.044727166493733726,88.57141508162022,66.12754489978154,149.7838044166565,8.860250279307365,113.47523327171803,49.22986200451851,39.3258411337932,66.12749448915322,218.92856889466444,,,,,40007368.0,1341320132.0,2482883540.0,2482883540.0,24130646652.0,109218878.0,,,,,,,,,0.0
1.0,1.0,ground,12,24,64,2,10000.0,500.0,True,,,,,,,,,,,,,,,,,,,,,,,,,,,,,,,,,,,,,,,,,,,,,,,,,,,,,,,,,,,,,,,,,,,,,,,,,,,
1.0,1.0,ground,91856,24,64,2,10000.0,500.0,False,2.9146124598125005,3.0210166712708335,,,60.31154898064583,63.39336158927083,0.6580179104166667,0.5993612966041667,74.55117676177083,73.63367505764585,0.16476083210416667,0.16139783716666667,,,51.134809519916665,,0.0,0.0,63.64292940391667,66.84692328935417,,,,,,,0.0,0.0,151.22163724870833,156.65655771454166,,,29.35370729059082,,,,,,49.91707501066927,,,,,,,,0.04444164534409841,88.59935461481412,66.27789331972599,151.32791186372438,8.85030976931254,112.50705336531003,49.126410057147346,39.45756580432256,66.27784151335557,218.24246068298817,,,,,40015552.0,1341314472.0,2485201268.0,2485201268.0,24130646652.0,109048359.0,,,,,,,,,0.0
1.0,1.0,ground,91856,24,64,2,10000.0,500.0,True,,,,,,,,,,,,,,,,,,,,,,,,,,,,,,,,,,,,,,,,,,,,,,,,,,,,,,,,,,,,,,,,,,,,,,,,,,,
1.0,1.0,metastable,654,32,64,2,10000.0,500.0,False,12.418549708937501,12.92612578496875,,,120.94381169857812,126.78249384490624,1.015814644921875,0.7528848069062499,66.666825660375,65.89302777623438,0.152700366265625,0.14955400146875,,,129.6790972754375,,0.0,0.0,133.862898001,140.21561719415627,,,,,,,0.0,0.0,299.1522747074531,310.4314503216406,,,27.39544490518457,,,,,,127.37303622668261,,,,,,,,0.04519139602780342,71.46600384637713,65.0013137422502,299.32440809533,16.980669055134058,100.87499960511923,38.43842449039221,33.01188700273633,65.00127002596855,198.8881566338241,,,,,53328460.0,1270180072.0,2417828708.0,2417838624.0,24130646652.0,422210470.0,,,,,,,,,0.0
1.0,1.0,metastable,654,32,64,2,10000.0,500.0,True,,,,,,,,,,,,,,,,,,,,,,,,,,,,,,,,,,,,,,,,,,,,,,,,,,,,,,,,,,,,,,,,,,,,,,,,,,,
1.0,1.0,metastable,12,32,64,2,10000.0,500.0,False,12.049164722375,12.252199654265624,,,115.09136270728125,119.3348981586875,0.9934631968125001,0.728986572328125,66.650512491,65.86651973760937,0.15309338140625,0.14932872909375,,,126.23163095170312,,0.0,0.0,127.63622189198438,132.0878824715,,,,,,,0.0,0.0,289.0656533782656,295.59969453753126,,,27.13582371864087,,,,,,123.98100221703564,,,,,,,,0.04467031732201576,71.20621683448553,64.90095046535134,289.0683791488409,11.843640770763159,96.65708580240607,38.393438544124365,32.79677376151085,64.90090759843588,194.3547671623528,,,,,53346876.0,1270170948.0,2417789972.0,2417800184.0,24130646652.0,409934724.0,,,,,,,,,0.0
1.0,1.0,metastable,12,32,64,2,10000.0,500.0,True,,,,,,,,,,,,,,,,,,,,,,,,,,,,,,,,,,,,,,,,,,,,,,,,,,,,,,,,,,,,,,,,,,,,,,,,,,,
1.0,1.0,metastable,91856,32,64,2,10000.0,500.0,False,11.230042714484375,11.584449499031251,,,113.123614325375,117.90883728265625,1.065653504421875,0.806141327609375,66.62171995195312,65.83186812707812,0.15195974359375,0.1491484695,,,117.20091250467188,,0.0,0.0,124.84221071459373,129.9875715045625,,,,,,,0.0,0.0,276.4026732370625,284.9715326709375,,,26.65357570636108,,,,,,115.05640483467944,,,,,,,,0.048361826688051224,71.05119510367513,64.93532655015588,276.4526500143111,13.549498938024044,95.32554511725903,38.333469681441784,32.701712906360626,64.93528490141034,192.96254292503,,,,,53343864.0,1270161496.0,2417664592.0,2417673916.0,24130646652.0,382607899.0,,,,,,,,,0.0
1.0,1.0,metastable,91856,32,64,2,10000.0,500.0,True,,,,,,,,,,,,,,,,,,,,,,,,,,,,,,,,,,,,,,,,,,,,,,,,,,,,,,,,,,,,,,,,,,,,,,,,,,,
1.0,1.0,ground,654,32,64,2,10000.0,500.0,False,2.75902015215625,2.860773110296875,,,64.55985245014062,67.7109981090625,1.057627918984375,0.794401981484375,66.6739285574375,65.88473082770312,0.15113448443750002,0.148187949109375,,,41.928929866781246,,0.0,0.0,67.74174155124999,71.006993560625,,,,,,,0.0,0.0,136.81016279889062,141.58343923771875,,,21.925793568174562,,,,,,40.99085939652661,,,,,,,,0.046313490718603134,70.9316481500864,64.86483227461576,136.8388035185635,7.862983241677284,99.05768383294344,38.31566774472594,32.600233878940344,64.86479170247912,196.5227094143629,,,,,53382768.0,1270172076.0,2417920652.0,2417926720.0,24130646652.0,109012569.0,,,,,,,,,0.0
1.0,1.0,ground,654,32,64,2,10000.0,500.0,True,,,,,,,,,,,,,,,,,,,,,,,,,,,,,,,,,,,,,,,,,,,,,,,,,,,,,,,,,,,,,,,,,,,,,,,,,,,
1.0,1.0,ground,12,32,64,2,10000.0,500.0,False,2.760031532046875,2.8637308002187503,,,65.8673813295,70.73565179089061,0.9835820112812499,0.7215533989375,66.6458188994375,65.8549570521875,0.15204415129687499,0.14910046867187499,,,42.594598731843746,,0.0,0.0,69.05118643179688,74.03505089554687,,,,,,,0.0,0.0,138.999981320625,145.50926675201563,,,21.942896967076173,,,,,,41.713714895787604,,,,,,,,0.04467124119400978,70.95667230337858,64.90983437001705,139.02519107609987,9.838178895413876,96.2091328240931,38.33229696750641,32.60852310433984,64.90979177132249,193.72744769975543,,,,,53360268.0,1270169364.0,2417313836.0,2417324640.0,24130646652.0,108715110.0,,,,,,,,,0.0
1.0,1.0,ground,12,32,64,2,10000.0,500.0,True,,,,,,,,,,,,,,,,,,,,,,,,,,,,,,,,,,,,,,,,,,,,,,,,,,,,,,,,,,,,,,,,,,,,,,,,,,,
1.0,1.0,ground,91856,32,64,2,10000.0,500.0,False,2.772970471234375,2.8733385740468753,,,60.142230689828125,64.36308724009376,1.0589140727187498,0.79653902634375,66.64188349324999,65.85962116526562,0.152547889,0.1496407050625,,,41.377362351765626,,0.0,0.0,63.338755038125,67.66910722809375,,,,,,,0.0,0.0,131.6703437403125,137.71102756003123,,,21.846413762682616,,,,,,40.423465482525884,,,,,,,,0.04549651965498924,71.18088895827532,64.91592182219028,131.70435550436378,8.811515472829342,95.76074120402336,38.31677043437958,32.84822216257453,64.91588059440255,193.52484396100044,,,,,53333596.0,1270135948.0,2417639044.0,2417645112.0,24130646652.0,109479216.0,,,,,,,,,0.0
1.0,1.0,ground,91856,32,64,2,10000.0,500.0,True,,,,,,,,,,,,,,,,,,,,,,,,,,,,,,,,,,,,,,,,,,,,,,,,,,,,,,,,,,,,,,,,,,,,,,,,,,,
